RM,name,address,phone,email,url,description,category,custom_field_1,custom_field_2,custom_field_3,image_url,latitude,longitude,store_id,tier,custom_marker_url,hidden,GeoLocation,ID,NavContactID,NavCustomerID,DealerOrgNo
,APCO Equipment Corp.,"3432 North Fifth Street, North Las Vegas, NV, 89032-8048",702-871-7474,,http://apcoequipment.com,,,,,,,36.22203064,-115.1332397,9566576,,,,b'\xe6\x10\x00\x00\x01\x0c\x00\x00\x00\x80k\x1cB@\x00\x00\x00\x00\x87\xc8\\\xc0',1,D505400,,2
,Atlantic Powertrain & Equipment Inc.,"30 Glencoe Drive, Mount Pearl, NL, A1N 4S8",866-747-7002,,http://atlanticpowertrain.com,,,,,,,47.52545166,-52.83864594,9566577,,,,b'\xe6\x10\x00\x00\x01\x0c\x00\x00\x00\x00B\xc3G@\x00\x00\x00\xc0XkJ\xc0',2,D400093,,3
,Bane Machinery,"2449 Manana, Dallas, TX, 75220",800-594-2263,,http://banemachinery.com,,,,,,,32.87441635,-96.89613342,9566579,,,,b'\xe6\x10\x00\x00\x01\x0c\x00\x00\x00\xe0\xeco@@\x00\x00\x00@Z9X\xc0',3,D400080,,8
,Bane Machinery,"3402 N NE Loop 323, Tyler, TX, 75708",800-594-2200,,http://banemachinery.com,,,,,,,32.3845253,-95.26966858,9566580,,,,b'\xe6\x10\x00\x00\x01\x0c\x00\x00\x00 81@@\x00\x00\x00@B\xd1W\xc0',4,D400081,,8
,Bane Machinery,"10505 North Freeway, Fort Worth, TX, 76177",800-601-2263,,http://banemachinery.com,,,,,,,32.92879868,-97.31771088,9566578,,,,b'\xe6\x10\x00\x00\x01\x0c\x00\x00\x00\xe0\xe2v@@\x00\x00\x00`UTX\xc0',5,D400082,,8
,B-C Equipment - Corpus Christi,"809 Corn Products Rd, Corpus Christi, TX, 78409",361-289-9314,,http://lbxco.bcequipment.com/home_lbxco.asp,,,,,,,27.80270386,-97.48573303,9566581,,,,b'\xe6\x10\x00\x00\x01\x0c\x00\x00\x00\x00~\xcd;@\x00\x00\x00@\x16_X\xc0',6,D506600,,7
,B-C Equipment - San Antonio,"1620 S.E. Loop 410, San Antonio, TX, 78220",210-447-9314,,http://lbxco.bcequipment.com/home_lbxco.asp,,,,,,,29.40782166,-98.38850403,9566582,,,,b'\xe6\x10\x00\x00\x01\x0c\x00\x00\x00\x00gh=@\x00\x00\x00@\xdd\x98X\xc0',7,D506603,,7
,B-C Equipment - The Valley,"201 East Expressway 83, La Feria, TX, 78559",888-874-3940,,http://lbxco.bcequipment.com/home_lbxco.asp,,,,,,,26.16526413,-97.82325745,9566583,,,,b'\xe6\x10\x00\x00\x01\x0c\x00\x00\x00\xc0N*:@\x00\x00\x00@\xb0tX\xc0',8,D506601,,7
,Bejac Corporation,"1619 Abram Court, San Leandro, CA, 94577",800-77-23522,,http://bejac.com,,,,,,,37.71134186,-122.1692276,9566589,,,,b'\xe6\x10\x00\x00\x01\x0c\x00\x00\x00@\r\xdbB@\x00\x00\x00\xa0\xd4\x8a^\xc0',9,D517206,,10
,Bejac Corporation,"569 South Van Buren Street, Placentia, CA, 92870",800-77-23522,,http://bejac.com,,,,,,,33.8659935,-117.832222,9566588,,,,b'\xe6\x10\x00\x00\x01\x0c\x00\x00\x00\xe0\xd8\xee@@\x00\x00\x00 Cu]\xc0',10,D517200,,10
,Bejac Corporation,"5228 North Tom Murray Ave, Glendale, AZ, 85301",800-77-23522,,http://bejac.com,,,,,,,33.51397324,-112.1601105,9566585,,,,b'\xe6\x10\x00\x00\x01\x0c\x00\x00\x00\xe0\xc9\xc1@@\x00\x00\x00@?\n\\\xc0',11,D517205,,10
,Bejac Corporation,"6934 Florin-Perkins Road, Sacramento, CA, 95828",800-77-23522,,http://bejac.com,,,,,,,38.50034714,-121.3934937,9566590,,,,b'\xe6\x10\x00\x00\x01\x0c\x00\x00\x00`\x0b@C@\x00\x00\x00\x00/Y^\xc0',12,D517203,,10
,Bejac Corporation,"5501 East Street, Anderson, CA, 96007",800-77-23522,,http://bejac.com,,,,,,,40.45897293,-122.3108597,9566587,,,,b'\xe6\x10\x00\x00\x01\x0c\x00\x00\x00\xa0\xbf:D@\x00\x00\x00 \xe5\x93^\xc0',13,D517202,,10
,Bejac Corporation,"5461 S. Nikita Ave., Fresno, CA, 93725",800-77-23522,,http://bejac.com,,,,,,,36.65656281,-119.7148895,9566586,,,,b'\xe6\x10\x00\x00\x01\x0c\x00\x00\x00@\nTB@\x00\x00\x00\xc0\xc0\xed]\xc0',14,D517204,,10
,Bennett Equipment & Supply,"1403 Piedmont Hwy, Piedmont, SC, 29673",864-277-7272,,http://bennettequipment.net,,,,,,,34.76864243,-82.43253326,9566584,,,,b'\xe6\x10\x00\x00\x01\x0c\x00\x00\x00\xe0bbA@\x00\x00\x00\xa0\xae\x9bT\xc0',15,D400102,,11
,Boyd Equipment LTD,"1671 Route 105, Maugerville, NB, E3A 8J5",506-357-0211,,http://www.boydequipment.net/default.htm,,,,,,,45.88569641,-66.41458893,9566591,,,,b'\xe6\x10\x00\x00\x01\x0c\x00\x00\x00\x80^\xf1F@\x00\x00\x00\xa0\x88\x9aP\xc0',16,D400107,,11
,Central Texas Heavy Equipment,"1401 Central Commerce Circle, Pflugerville, TX, 78660",512-442-2371,,http://ctegroup.net,,,,,,,30.45183372,-97.65637207,9566592,,,,b'\xe6\x10\x00\x00\x01\x0c\x00\x00\x00`\xabs>@\x00\x00\x00\x00\x02jX\xc0',17,D400028,,17
Dave Seater,Chadwick-Baross Inc.,"15 Katrina Rd, Chelmsford, MA, 1824",978-256-9571,,http://chadwick-baross.com,,,,,,,42.60804367,-71.33330536,9566593,,,,b'\xe6\x10\x00\x00\x01\x0c\x00\x00\x00`\xd4ME@\x00\x00\x00\xe0T\xd5Q\xc0',18,D507006,,18
Dave Seater,Chadwick-Baross Inc.,"33 Plan Way, Building 8, Warwick, RI, 2886",401-640-9303,,http://chadwick-baross.com,,,,,,,41.73591614,-71.44754791,9566594,,,,b'\xe6\x10\x00\x00\x01\x0c\x00\x00\x00\x802\xdeD@\x00\x00\x00\xa0\xa4\xdcQ\xc0',19,D507008,,18
Dave Seater,Chappell Tractor East LLC,"251 Route 125, Brentwood, NH, 03833-6026",603-642-5666,,http://lbxco.chappelltractor.com/home_lbxco.asp,,,,,,,42.98886108,-71.07927704,9566595,,,,b'\xe6\x10\x00\x00\x01\x0c\x00\x00\x00\x00\x93~E@\x00\x00\x00\xe0\x12\xc5Q\xc0',20,D507700,,19
Dave Seater,Chappell Tractor Sales Inc,"454 Route 13 South, Milford, NH, 3055",800-698-2640,,http://lbxco.chappelltractor.com/home_lbxco.asp,,,,,,,42.81329727,-71.64651489,9566596,,,,b'\xe6\x10\x00\x00\x01\x0c\x00\x00\x00 \x1ahE@\x00\x00\x00\x80`\xe9Q\xc0',21,D507600,,19
,Christofano Equipment Co,"9643 Harlem Ave, Chicago Ridge, IL, 60415",708-425-6466,,http://christofano.com,,,,,,,41.71615601,-87.79776001,9566597,,,,b'\xe6\x10\x00\x00\x01\x0c\x00\x00\x00\x00\xab\xdbD@\x00\x00\x00\x80\x0e\xf3U\xc0',22,D400188,,20
Zack Shimon,Cisco Equipment,"2707 Slaton Hwy, Lubbock, TX, 79404",877-745-9595,,http://ciscoeq.com,,,,,,,33.5268364,-101.8055573,9566600,,,,b'\xe6\x10\x00\x00\x01\x0c\x00\x00\x00`o\xc3@@\x00\x00\x00@\x8esY\xc0',23,D507403,,21
Zack Shimon,Cisco Equipment,"620 North Bell Street, San Angelo, TX, 76903",325-653-2121,,http://www.cisco-equipment.com,,,,,,,31.47426987,-100.4126587,9566599,,,,b'\xe6\x10\x00\x00\x01\x0c\x00\x00\x00\xc0iy?@\x00\x00\x00\x00i\x1aY\xc0',24,D507401,,21
Zack Shimon,Cisco Equipment,"520 E. Loop 338, Odessa, TX, 79762",432-367-9181,,http://ciscoeq.com,,,,,,,31.86904144,-102.3045959,9566601,,,,b'\xe6\x10\x00\x00\x01\x0c\x00\x00\x00\x80y\xde?@\x00\x00\x00\x80~\x93Y\xc0',25,D507400,,21
Zack Shimon,Cisco Equipment NM Sales LLC,"1706 South First Street, Artesia, NM, 88210",800-748-1846,,http://ciscoeq.com,,,,,,,32.82261658,-104.3960571,9566598,,,,b'\xe6\x10\x00\x00\x01\x0c\x00\x00\x00\x80Ki@@\x00\x00\x00\x00Y\x19Z\xc0',26,D507402,,21
,CJ Logging Equipment Inc. (Forestry Dealer Only),"5445 NYS Route 353, Little Valley, NY, 14755",800-541-4214,,http://www.cjlogequip.com,,,,,,,42.24150085,-78.77957916,9566603,,,,b'\xe6\x10\x00\x00\x01\x0c\x00\x00\x00\x80\xe9\x1eE@\x00\x00\x00\xa0\xe4\xb1S\xc0',27,D400112,,22
,CJ Logging Equipment Inc. (Forestry Dealer Only),"17153 US Route 15, Allenwood, PA, 17810",800-541-4214,,http://www.cjlogequip.com,,,,,,,41.11046982,-76.9018631,9566604,,,,b'\xe6\x10\x00\x00\x01\x0c\x00\x00\x00\xe0#\x8eD@\x00\x00\x00 \xb89S\xc0',28,D400113,,22
,CJ Logging Equipment Inc. (Forestry Dealer Only),"8730 Industrial Drive, Boonville, NY, 13309",800-541-4214,,http://www.cjlogequip.com,,,,,,,43.47017288,-75.3074646,9566602,,,,b'\xe6\x10\x00\x00\x01\x0c\x00\x00\x00\xa0.\xbcE@\x00\x00\x00\x80\xad\xd3R\xc0',29,D400111,,22
,Clark Machinery - Ft Smith,"3411 Zero St, Fort Smith, AR, 72908",479-646-4345,,http://clarkmachinerycompany.com,,,,,,,35.32837677,-94.39640808,9566605,,,,b'\xe6\x10\x00\x00\x01\x0c\x00\x00\x00@\x08\xaaA@\x00\x00\x00\xc0^\x99W\xc0',30,D506401,,23
,Clark Machinery - Little Rock,"11525 Mabelvale Rd West, Mabelvale, AR, 72103",501-455-4200,,http://clarkmachinerycompany.com,,,,,,,34.65403366,-92.40650177,9566606,,,,b'\xe6\x10\x00\x00\x01\x0c\x00\x00\x00`\xb7SA@\x00\x00\x00 \x04\x1aW\xc0',31,D506400,,23
,Construction Machinery Company,"2235 Ragu Drive, Owensboro, KY, 42303",270-683-2000,,http://www.cmcky.com/,,,,,,,37.76106262,-87.07308197,9566609,,,,b'\xe6\x10\x00\x00\x01\x0c\x00\x00\x00\x80j\xe1B@\x00\x00\x00`\xad\xc4U\xc0',32,D410003,,27
,Construction Machinery Company,"6104 Sable Mill Court, Jeffersonville, IN 47130",812-850-6160,,http://www.cmcky.com/,,,,,,,38.35231781,-85.74172974,0,,,,b'\xe6\x10\x00\x00\x01\x0c\x00\x00\x00\xc0\x18-C@\x00\x00\x00\x80xoU\xc0',33,D430003,,27
,Construction Machinery Company,"2911 S. English Station Rd., Louisville, KY, 40299",502-267-4020,,http://www.cmcky.com/,,,,,,,38.19475937,-85.47127533,9566608,,,,b'\xe6\x10\x00\x00\x01\x0c\x00\x00\x00\xe0\xed\x18C@\x00\x00\x00`)^U\xc0',34,D400003,,27
,Construction Machinery Company,"267 West Jay Louden Road, Carrollton, KY, 41008",502-732-4661,,http://www.cmcky.com/,,,,,,,38.6669426,-85.13898468,9566610,,,,b'\xe6\x10\x00\x00\x01\x0c\x00\x00\x00`^UC@\x00\x00\x00 \xe5HU\xc0',35,D420003,,27
Landon Boyer,Contractors Sales Company Inc,"121 Karner Road, Albany, NY, 12205-5501",518-456-1445,,http://lbxco.contractorssales.com,,,,,,,42.72418976,-73.85931396,9566611,,,,b'\xe6\x10\x00\x00\x01\x0c\x00\x00\x00@\xb2\\E@\x00\x00\x00\x00\xffvR\xc0',36,D507100,,28
,Crosby Equipment Company Inc.,"1826 South Peterson Avenue, Douglas, GA, 31533",912-384-4664,,http://crosbyequipmentco.com,,,,,,,31.47669029,-82.84951782,9566612,,,,b'\xe6\x10\x00\x00\x01\x0c\x00\x00\x00`\x08z?@\x00\x00\x00\x80^\xb6T\xc0',37,D400108,,29
,Crosby Equipment Company Inc.,"5368 Hawkinsville Road, Macon, GA, 31216",478-257-8300,,http://crosbyequipmentco.com,,,,,,,32.75398636,-83.65960693,9566613,,,,b'\xe6\x10\x00\x00\x01\x0c\x00\x00\x00\xa0\x82`@@\x00\x00\x00\x007\xeaT\xc0',38,D400109,,29
,Cumberland Tractor & Equipment,"3570 Dickerson Road, Nashville, TN, 37207",866-902-7800,,http://cumberland-tractor.com,,,,,,,36.25662994,-86.75997162,9566615,,,,b'\xe6\x10\x00\x00\x01\x0c\x00\x00\x00@\xd9 B@\x00\x00\x00`\xa3\xb0U\xc0',39,D400099,,30
,Equipement JYL Inc.,"926 du Royaume Boulevard West, Chicoutimi, QC, G7H 5B1",418-698-6656,,http://equipementjyl.com,,,,,,,48.38415527,-71.10263824,9566619,,,,"b'\xe6\x10\x00\x00\x01\x0c\x00\x00\x00\x00,1H@\x00\x00\x00\xa0\x91\xc6Q\xc0'",40,D400191,,38
,Equipment Sales & Service Ltd,"2111 80th Avenue, Edmonton, AB, T6P 1N3",780-440-4010,,http://essltd.com,,,,,,,53.51573944,-113.378952,9566620,,,,b'\xe6\x10\x00\x00\x01\x0c\x00\x00\x00\xc0\x03\xc2J@\x00\x00\x00\xc0@X\\\xc0',41,D500304,,39
,George & Swede Sales & Service,"7155 Big Tree Road, Pavilion, NY, 14525",585-584-3425,,http://georgeandswede.com,,,,,,,42.86522675,-78.00901031,9566622,,,,b'\xe6\x10\x00\x00\x01\x0c\x00\x00\x00\xc0\xbfnE@\x00\x00\x00\xa0\x93\x80S\xc0',42,D508500,,42
,GSX Inc.,"14790 St. Augustine Road, Jacksonville, FL, 32258",904-268-4400,,http://www.gsequipment.net,,,,,,,30.13993835,-81.52513885,9566625,,,,b'\xe6\x10\x00\x00\x01\x0c\x00\x00\x00\x00\xd3#>@\x00\x00\x00\xe0\x9baT\xc0',43,D400054,,44
,GSX Inc.,"4555 Laredo Avenue, Ft. Myers, FL, 33905",239-334-6063,,http://www.gsequipment.net,,,,,,,26.64654541,-81.82111359,9566624,,,,b'\xe6\x10\x00\x00\x01\x0c\x00\x00\x00\x00\x84\xa5:@\x00\x00\x00 \x8dtT\xc0',44,D400057,,44
,GSX Inc.,"1010 Northwest 15th Avenue, Pompano Beach, FL, 33069",954-327-8808,,http://www.gsequipment.net,,,,,,,26.24041939,-80.14220428,9566623,,,,b'\xe6\x10\x00\x00\x01\x0c\x00\x00\x00 \x8c=:@\x00\x00\x00\xe0\x19\tT\xc0',45,D400056,,44
,GSX Inc.,"1301 Central Florida Pkwy, Orlando, FL, 32837",407-859-9160,,http://www.gsequipment.net,,,,,,,28.40711784,-81.39398193,9566626,,,,b'\xe6\x10\x00\x00\x01\x0c\x00\x00\x00\xe08h<@\x00\x00\x00\x007YT\xc0',46,D400055,,44
,GSX Inc.,"32410 Blue Star Hwy, Midway, FL, 32343", 866-586-8956,,http://www.gsequipment.net,,,,,,,30.49379921,-84.43502045,10530762,,,,b'\xe6\x10\x00\x00\x01\x0c\x00\x00\x00\xa0i~>@\x00\x00\x00`\xd7\x1bU\xc0',47,D400058,,44
,GSX Inc.,"1023 S. 50th Street, Tampa, FL, 33619",813-248-4971,,http://www.gsequipment.net,,,,,,,27.93925095,-82.40253448,9566627,,,,b'\xe6\x10\x00\x00\x01\x0c\x00\x00\x00\xc0r\xf0;@\x00\x00\x00 \xc3\x99T\xc0',48,D400053,,44
,G.W. Van Keppel Company,"11475 Page Service Rd, St Louis, MO, 63146",314-872-8440,,http://vankeppel.com,,,,,,,38.70030975,-90.41863251,9566628,,,,b'\xe6\x10\x00\x00\x01\x0c\x00\x00\x00\xc0\xa3YC@\x00\x00\x00\xe0\xca\x9aV\xc0',49,D400103,,41
Randy Phillips,Hawkins-Graves Inc.,"13432 Wards Road, Lynchburg, VA, 24501",434-847-7703,,http://hawkinsgraves.com,,,,,,,37.31093597,-79.18483734,9566630,,,,b'\xe6\x10\x00\x00\x01\x0c\x00\x00\x00\xc0\xcc\xa7B@\x00\x00\x00`\xd4\xcbS\xc0',50,D400126,,45
,Hayden-Murphy Equipment Co,"9301 E Bloomington Freeway, Minneapolis, MN, 55420",952-884-2301,,http://hayden-murphy.com,,,,,,,44.83512497,-93.29458618,9566629,,,,b'\xe6\x10\x00\x00\x01\x0c\x00\x00\x00`\xe5jF@\x00\x00\x00\x80\xdaRW\xc0',51,D506700,,46
Randy Phillips,Heavy Machines Inc.,"825 31st Street North, Birmingham, AL, 35203",205-323-6108,,http://heavymachinesinc.com,,,,,,,33.52989197,-86.7957077,9566631,,,,b'\xe6\x10\x00\x00\x01\x0c\x00\x00\x00\x80\xd3\xc3@@\x00\x00\x00\xe0\xec\xb2U\xc0',52,D400084,,47
Randy Phillips,Heavy Machines Inc.,"2115 North Thompson Lane, Murfreesboro, TN, 37129",615-306-9444,,http://heavymachinesinc.com,,,,,,,35.88227463,-86.42558289,10530763,,,,b'\xe6\x10\x00\x00\x01\x0c\x00\x00\x00`\xee\xf0A@\x00\x00\x00\xc0<\x9bU\xc0',53,D400090,,47
Randy Phillips,Heavy Machines Inc.,"10110 Roberts Way, Covington, GA, 30014",770-788-0888,,http://heavymachinesinc.com,,,,,,,33.62076187,-83.85025024,9566632,,,,b'\xe6\x10\x00\x00\x01\x0c\x00\x00\x00 u\xcf@@\x00\x00\x00\x80j\xf6T\xc0',54,D400089,,47
Randy Phillips,Heavy Machines Inc.,"364 Bob Jobe Road, Gray, TN, 37615",423-282-5462,,http://heavymachinesinc.com,,,,,,,36.43361282,-82.5202713,9566621,,,,b'\xe6\x10\x00\x00\x01\x0c\x00\x00\x00\xa0\x807B@\x00\x00\x00 L\xa1T\xc0',55,D400086,,47
Randy Phillips,Heavy Machines Inc.,"5200 Hollywood Ave, Shreveport, LA, 71109",800-548-3458,,http://heavymachinesinc.com,,,,,,,32.45744705,-93.83230591,9566633,,,,b'\xe6\x10\x00\x00\x01\x0c\x00\x00\x00\xa0\x8d:@@\x00\x00\x00\x80DuW\xc0',56,D400088,,47
Randy Phillips,Heavy Machines Inc.,"159 North Ave., Skowhegan, ME, 4976",888-875-3954,,http://heavymachinesinc.com,,,,,,,44.77505112,-69.71882629,9566634,,,,b'\xe6\x10\x00\x00\x01\x0c\x00\x00\x00\xe04cF@\x00\x00\x00@\x01nQ\xc0',57,D400087,,47
Randy Phillips,Heavy Machines Inc.,"7651 Theodore Dawes Road, Theodore, AL, 36582",888-884-2388,,http://heavymachinesinc.com,,,,,,,30.57011032,-88.22264862,9566635,,,,b'\xe6\x10\x00\x00\x01\x0c\x00\x00\x00\xc0\xf2\x91>@\x00\x00\x00\xe0?\x0eV\xc0',58,D400185,,47
Randy Phillips,Heavy Machines Inc.,"3926 East Raines Road, Memphis, TN, 38118",800-432-8902,,http://heavymachinesinc.com,,,,,,,35.03509903,-89.93008423,9566636,,,,b'\xe6\x10\x00\x00\x01\x0c\x00\x00\x00 ~\x84A@\x00\x00\x00\x80\x86{V\xc0',59,D400085,,47
,Inland,"227 Range Road, Whitehorse, YT, Y1A 3E5",867-668-2127,,http://inland-group.com/en-ca,,,,,,,60.73181915,-135.0883789,9566666,,,,b'\xe6\x10\x00\x00\x01\x0c\x00\x00\x00@\xac]N@\x00\x00\x00\x00\xd4\xe2`\xc0',60,D6100128,,50
,Inland,"2900 N Island Highway, Campbell River, BC, V9W 2H5",250-287-8878,,http://inland-group.com/en-ca,,,,,,,50.04579544,-125.2700653,9566668,,,,b'\xe6\x10\x00\x00\x01\x0c\x00\x00\x00\xa0\xdc\x05I@\x00\x00\x00\xc0HQ_\xc0',61,D500505,,50
,Inland,"2482 Douglas Road, Burnaby, BC, V5C 6C9",604-291-6021,,http://inland-group.com/en-ca,,,,,,,49.2624588,-122.9856796,9566669,,,,b'\xe6\x10\x00\x00\x01\x0c\x00\x00\x00@\x98\xa1H@\x00\x00\x00`\x15\xbf^\xc0',62,D500501,,50
,Inland,"26820 Gloucester Way, Langley, BC, V4W 3V6",604-607-8555,,http://inland-group.com/en-ca,,,,,,,49.09924698,-122.4817123,9566670,,,,b'\xe6\x10\x00\x00\x01\x0c\x00\x00\x00 \xb4\x8cH@\x00\x00\x00`\xd4\x9e^\xc0',63,D500500,,50
,Inland,"1560 Broadway Ave S, Williams Lake, BC, V2G 2X3",250-392-7101,,http://inland-group.com/en-ca,,,,,,,52.1230278,-122.1065826,9566663,,,,b'\xe6\x10\x00\x00\x01\x0c\x00\x00\x00`\xbf\x0fJ@\x00\x00\x00@\xd2\x86^\xc0',64,D6100125,,50
,Inland,"Box 6340 Alaska Highway, Fort St. John, BC, V1J 4Y2",250-785-6105,,http://inland-group.com/en-ca,,,,,,,56.22986221,-120.8242416,9566674,,,,b'\xe6\x10\x00\x00\x01\x0c\x00\x00\x00 l\x1dL@\x00\x00\x00`\xc04^\xc0',65,D500508,,50
,Inland,"865 Notre Dame Drive, Kamloops, BC, V2C 5N8",250-374-4406,,http://inland-group.com/en-ca,,,,,,,50.66308212,-120.3631897,9566673,,,,b'\xe6\x10\x00\x00\x01\x0c\x00\x00\x00\xe0\xdfTI@\x00\x00\x00\x80>\x17^\xc0',66,D500510,,50
,Inland,"816 Industrial Road #1, Cranbrook, BC, V1C 4C6",250-426-6205,,http://inland-group.com/en-ca,,,,,,,49.52148056,-115.7610321,9566672,,,,b'\xe6\x10\x00\x00\x01\x0c\x00\x00\x00\xe0\xbf\xc2H@\x00\x00\x00\xc0\xb4\xf0\\\xc0',67,D500507,,50
,Inland,"3150 Highway 97 North, Quesnel, BC, V2J 5Y9",250-992-7256,,http://inland-group.com/en-ca,,,,,,,53.00893402,-122.5038757,9566671,,,,b'\xe6\x10\x00\x00\x01\x0c\x00\x00\x00\xc0$\x81J@\x00\x00\x00\x80?\xa0^\xc0',68,D500513,,50
,Inland,"2365 Northfield Rd, Nanaimo, BC, V9S 3CS",250-758-5288,,http://inland-group.com/en-ca,,,,,,,49.1890564,-124.0006256,9566667,,,,b'\xe6\x10\x00\x00\x01\x0c\x00\x00\x00\x003\x98H@\x00\x00\x00@\n\x00_\xc0',69,D6100129,,50
,Inland,"1051 Middleton Way, Vernon, BC, V1B 2N3",250-545-4424,,http://inland-group.com/en-ca,,,,,,,50.24872589,-119.2524719,9566662,,,,b'\xe6\x10\x00\x00\x01\x0c\x00\x00\x00@\xd6\x1fI@\x00\x00\x00\x80(\xd0]\xc0',70,D500515,,50
,Inland,"1690 Fairview Road, Penticton, BC, V2A 6A8",250-492-3939,,http://inland-group.com/en-ca,,,,,,,49.47930145,-119.5953674,9566664,,,,b'\xe6\x10\x00\x00\x01\x0c\x00\x00\x00\xc0Y\xbdH@\x00\x00\x00\x80\x1a\xe6]\xc0',71,D500511,,50
,Inland,"1995 Quinn Street, Prince George, BC, V2N 2X2",250-562-8171,,http://inland-group.com/en-ca,,,,,,,53.90578842,-122.7925415,9566665,,,,b'\xe6\x10\x00\x00\x01\x0c\x00\x00\x00\xe0\xf0\xf3J@\x00\x00\x00\x00\xb9\xb2^\xc0',72,D500519,,50
,Itec 2000 Equipment Inc,"26 Gardiner Rd, Rosslyn, ON, ON P7K 1P0",888-574-8530,,http://itec2000.com,,,,,,,48.36256027,-89.42153931,9566637,,,,b'\xe6\x10\x00\x00\x01\x0c\x00\x00\x00`h.H@\x00\x00\x00\x80\xfaZV\xc0',73,D400124,,53
,Jersey Rents,"252 Route 9, Bayville, NJ, 8721",732-606-1002,,http://jerseyrents.com,,,,,,,39.92195892,-74.16625977,9566638,,,,b'\xe6\x10\x00\x00\x01\x0c\x00\x00\x00\xc0\x02\xf6C@\x00\x00\x00\x00\xa4\x8aR\xc0',74,,,16
,Kelbe Bros. Equipment Co. Inc,"12770 W. Silver Spring Drive, Butler, WI, 53007",262-781-4970,,http://kelbebros.com,,,,,,,43.11774063,-88.06903076,9566639,,,,b'\xe6\x10\x00\x00\x01\x0c\x00\x00\x00 \x12\x8fE@\x00\x00\x00\x00k\x04V\xc0',75,D510100,,58
,Kelbe Bros. Equipment Co. Inc,"3101 French Rd, De Pere, WI, 54114",920-343-6496,,http://kelbebros.com,,,,,,,44.38190079,-88.16217804,9566641,,,,b'\xe6\x10\x00\x00\x01\x0c\x00\x00\x00 \xe20F@\x00\x00\x00 a\nV\xc0',76,D510103,,58
,Kelbe Bros. Equipment Co. Inc,"4621 Dutch Mill Road, Madison, WI, 53716",608-221-8300,,http://kelbebros.com,,,,,,,43.04844666,-89.30204773,9566640,,,,b'\xe6\x10\x00\x00\x01\x0c\x00\x00\x00\x803\x86E@\x00\x00\x00\xc0TSV\xc0',77,D510101,,58
,"Kirby-Smith Machinery, Inc.","8320 Ruby Avenue, Kansas City, KS, 66111",913-850-6300,,http://www.kirby-smith.com,,,,,,,39.06804276,-94.77284241,9566642,,,,b'\xe6\x10\x00\x00\x01\x0c\x00\x00\x00\xa0\xb5\x88C@\x00\x00\x00@v\xb1W\xc0',78,D400192,,60
Randy Phillips,LBCE Mid-Atlantic,"916-B Cavalier Blvd, Chesapeake, VA, 23323",757-485-4485,,http://lbxco.link-beltmidatlantic.com,,,,,,,36.77399445,-76.36178589,9566643,,,,"b""\xe6\x10\x00\x00\x01\x0c\x00\x00\x00@\x12cB@\x00\x00\x00\x80'\x17S\xc0""",79,D546301,,62
Randy Phillips,LBCE Mid-Atlantic,"5263 Agro Drive Suite 1, Frederick, MD, 21703",301-732-7800,,http://link-beltmidatlantic.com,,,,,,,39.34156036,-77.48851013,9566645,,,,b'\xe6\x10\x00\x00\x01\x0c\x00\x00\x00@\xb8\xabC@\x00\x00\x00\xc0C_S\xc0',80,D546303,,62
Randy Phillips,LBCE Mid-Atlantic,"10020 Lickinghole Road, Ashland, VA, 23005",804-798-2290,,http://lbxco.link-beltmidatlantic.com,,,,,,,37.70305252,-77.43998718,9566644,,,,b'\xe6\x10\x00\x00\x01\x0c\x00\x00\x00\xa0\xfd\xd9B@\x00\x00\x00\xc0(\\S\xc0',81,D546300,,62
,Marshall Machinery,"348 Bethel School Rd, Honesdale, PA, 18431",570-729-7117,,http://marshall-machinery.com,,,,,,,41.57619095,-75.19001007,9566648,,,,b'\xe6\x10\x00\x00\x01\x0c\x00\x00\x00\xa0\xc0\xc9D@\x00\x00\x00 )\xccR\xc0',82,D400120,,69
,May Heavy Equipment LLC,"5423 US Highway 70 Business, Clayton, NC, 27520",919-773-1424,,http://www.mayequip.com/,,,,,,,35.83081436,-78.63105011,9566647,,,,b'\xe6\x10\x00\x00\x01\x0c\x00\x00\x00 X\xeaA@\x00\x00\x00 c\xa8S\xc0',83,,,70
,McDowell B Equipment Ltd.,"2018 Kingsway, Sudbury, ON, P3B 4J8",705-566-8190,,http://bmcdowell.com,,,,,,,46.50065231,-80.92753601,9566650,,,,b'\xe6\x10\x00\x00\x01\x0c\x00\x00\x00`\x15@G@\x00\x00\x00\xc0\\;T\xc0',84,D400029,,72
,Micanic Inc.,"86 rue de Rotterdam, Saint-Augustin-de-Desmaures, QC, G3A 1S9",800-709-2241,,http://mic-a-nic.com,,,,,,,46.75485611,-71.43979645,9566651,,,,b'\xe6\x10\x00\x00\x01\x0c\x00\x00\x00 \x9f`G@\x00\x00\x00\xa0%\xdcQ\xc0',85,D400008,,73
Landon Boyer,Mid Country Machinery,"9206 Brewerton Road, Brewerton, NY, 13029",315-288-6473,,http://www.midcountry.com,,,,,,,43.21518326,-76.13330841,9566652,,,,b'\xe6\x10\x00\x00\x01\x0c\x00\x00\x00 \x8b\x9bE@\x00\x00\x00 \x88\x08S\xc0',86,D400121,,74
,Mid South Machinery Inc.,"3145 Cliff Gookin Blvd., Tupelo, MS, 38801",662-690-6553,,http://www.gomidsouth.com,,,,,,,34.22391129,-88.75098419,9566654,,,,b'\xe6\x10\x00\x00\x01\x0c\x00\x00\x00 \xa9\x1cA@\x00\x00\x00 \x100V\xc0',87,D400074,,75
,Mid South Machinery Inc.,"3233 Highway 80 West, Jackson, MS, 39204",601-948-6740,,http://www.gomidsouth.com,,,,,,,32.29472351,-90.23623657,9566655,,,,b'\xe6\x10\x00\x00\x01\x0c\x00\x00\x00\x80\xb9%@@\x00\x00\x00\x80\x1e\x8fV\xc0',88,D400072,,75
,Mid South Machinery Inc.,"14336 Seaway Rd, Gulfport, MS, 39503",228-867-1555,,http://www.gomidsouth.com,,,,,,,30.43519211,-89.08006287,9566653,,,,b'\xe6\x10\x00\x00\x01\x0c\x00\x00\x00\xc0ho>@\x00\x00\x00\xc0\x1fEV\xc0',89,D512101,,75
,"New Millennium Rentals, Inc.","4 Industrial Drive, Florida, NY, 10921",845-651-2500,,http://newmillenniumrentals.com,,,,,,,41.34585571,-74.35787964,9566656,,,,b'\xe6\x10\x00\x00\x01\x0c\x00\x00\x00\x00E\xacD@\x00\x00\x00\x80\xe7\x96R\xc0',90,D563500,,81
,Norris Sales Company,"1010 Conshohocken Road, Conshohocken, PA, 19428",610-279-5777,,http://www.norrissales.com,,,,,,,40.09309387,-75.31798553,9566657,,,,b'\xe6\x10\x00\x00\x01\x0c\x00\x00\x00\x80\xea\x0bD@\x00\x00\x00\xe0Y\xd4R\xc0',91,D400122,,82
,Nueces Power Equipment,"7667 N Sam Houston Pky E, Humble, TX, 77396",713-247-0066,,http://nuecespower.com,,,,,,,29.94007111,-95.27168274,9566658,,,,b'\xe6\x10\x00\x00\x01\x0c\x00\x00\x00\x80\xa8\xf0=@\x00\x00\x00@c\xd1W\xc0',92,D400189,,83
,OK Territory - Oklahoma City,"3717 NW 3rd, Oklahoma City, OK, 73107",886-339-6827,,http://oklahomaterritoryequipment.com/index.cfm,,,,,,,35.46914673,-97.58575439,9566660,,,,b'\xe6\x10\x00\x00\x01\x0c\x00\x00\x00\x00\r\xbcA@\x00\x00\x00\x00}eX\xc0',93,D400036,,84
,OK Territory - Tulsa,"2520 East King Street, Tulsa, OK, 74110",866-334-6827,,http://oklahomaterritoryequipment.com/index.cfm,,,,,,,36.16794205,-95.95488739,9566661,,,,b'\xe6\x10\x00\x00\x01\x0c\x00\x00\x00 \x7f\x15B@\x00\x00\x00\xe0\x1c\xfdW\xc0',94,D400037,,84
,OSC Equipment Services Inc.,"1001 East Delevan Ave, Buffalo, NY, 14215",716-856-3333,,http://oscequipment.com,,,,,,,42.92133331,-78.81967926,9566659,,,,b'\xe6\x10\x00\x00\x01\x0c\x00\x00\x00@\xeeuE@\x00\x00\x00\xa0u\xb4S\xc0',95,D400110,,87
,Paul Equipment & Sons,"55, Rue Drapeau St., Balmoral, NB, E8E 2W7",888-450-8223,,http://paulequipment.ca,,,,,,,47.98525238,-66.40784454,9566677,,,,b'\xe6\x10\x00\x00\x01\x0c\x00\x00\x00\xc0\x1c\xfeG@\x00\x00\x00 \x1a\x9aP\xc0',96,D400190,,91
,Quest Const - Baton Rouge,"38297 Hwy. 30, Gonzales, LA, 70737",225-450-6425,,http://lbxco.questequip.com/home_lbxco.asp,,,,,,,30.20994759,-90.9606781,9566675,,,,b'\xe6\x10\x00\x00\x01\x0c\x00\x00\x00 \xbf5>@\x00\x00\x00\xc0{\xbdV\xc0',97,D511803,,93
,Quest Const - New Orleans,"10561 Airline Hwy, St. Rose, LA, 70087",504-467-7663,,http://lbxco.questequip.com/home_lbxco.asp,,,,,,,29.97130966,-90.30640411,9566676,,,,b'\xe6\x10\x00\x00\x01\x0c\x00\x00\x00\xc0\xa7\xf8=@\x00\x00\x00 \x9c\x93V\xc0',98,D511802,,93
Zack Shimon,Rasmussen Equip - Salt Lake,"3333 West 2100 South, Salt Lake City, UT, 84119",801-972-5588,,http://raseq.com,,,,,,,40.72506714,-111.9708176,9566679,,,,b'\xe6\x10\x00\x00\x01\x0c\x00\x00\x00\x00\xcf\\D@\x00\x00\x00\xe0!\xfe[\xc0',99,D512000,,95
,R & B Power Inc.,"345 Street A Luchetti Ind Pk, BayamÃ³n, PR, 959",787-785-9777,,http://rbpower.com,,,,,,,18.41508293,-66.13980103,9566678,,,,b'\xe6\x10\x00\x00\x01\x0c\x00\x00\x00\xe0Bj2@\x00\x00\x00\x80\xf2\x88P\xc0',100,D400020,,94
Landon Boyer,Reco Equipment Inc.,"2841 Brecksville Road, Richfield, OH, 44286",330-659-0800,,http://lbxco.recoequip.com,,,,,,,41.2130394,-81.63715363,9566686,,,,b'\xe6\x10\x00\x00\x01\x0c\x00\x00\x00\xe0D\x9bD@\x00\x00\x00 \xc7hT\xc0',101,D517903,,96
Landon Boyer,Reco Equipment Inc.,"1040 Reed Road, Monroe, OH, 45050",513-539-5255,,http://lbxco.recoequip.com,,,,,,,39.4552269,-84.33358002,9566683,,,,b'\xe6\x10\x00\x00\x01\x0c\x00\x00\x00\xe0D\xbaC@\x00\x00\x00`Y\x15U\xc0',102,D517905,,96
Landon Boyer,Reco Equipment Inc.,"20620 Rt. 19 N, Cranberry Township, PA, 16066",724-779-4646,,http://lbxco.recoequip.com,,,,,,,40.70557785,-80.10331726,9566681,,,,b'\xe6\x10\x00\x00\x01\x0c\x00\x00\x00`PZD@\x00\x00\x00\xc0\x9c\x06T\xc0',103,D517901,,96
Landon Boyer,Reco Equipment Inc.,"10461 Grand River Rd, Brighton, MI, 48116",810-225-9016,,http://lbxco.recoequip.com,,,,,,,42.51945877,-83.74688721,9566682,,,,b'\xe6\x10\x00\x00\x01\x0c\x00\x00\x00\xa0}BE@\x00\x00\x00\x00\xcd\xefT\xc0',104,D517907,,96
Landon Boyer,Reco Equipment Inc.,"4250 Perimeter Dr, Columbus, OH, 43228",614-276-0001,,http://lbxco.recoequip.com,,,,,,,39.97330475,-83.11710358,9566680,,,,b'\xe6\x10\x00\x00\x01\x0c\x00\x00\x00@\x95\xfcC@\x00\x00\x00\xa0~\xc7T\xc0',105,D517902,,96
Landon Boyer,Reco Equipment Inc.,"41245 Reco Road, Belmont, OH, 43718",800-686-7326,,http://lbxco.recoequip.com,,,,,,,40.05744171,-81.05495453,9566684,,,,b'\xe6\x10\x00\x00\x01\x0c\x00\x00\x00@Z\x07D@\x00\x00\x00`\x84CT\xc0',106,D517900,,96
Landon Boyer,Reco Equipment Inc.,"12425 Williams Road, Perrysburg, OH, 43551",419-874-6001,,http://lbxco.recoequip.com,,,,,,,41.52880478,-83.63414001,9566685,,,,b'\xe6\x10\x00\x00\x01\x0c\x00\x00\x00\xe0\xaf\xc3D@\x00\x00\x00\xc0\x95\xe8T\xc0',107,D517904,,96
Landon Boyer,Reco Equipment Inc.,"1315 Terminal Rd, Indianapolis, IN, 46217",317-781-8100,,http://lbxco.recoequip.com,,,,,,,39.70131683,-86.18228149,9566687,,,,b'\xe6\x10\x00\x00\x01\x0c\x00\x00\x00\xc0\xc4\xd9C@\x00\x00\x00\x80\xaa\x8bU\xc0',108,D517906,,96
Dave Seater,Rexco Equip - Cedar Rapids,"1925 Blairs Ferry Road NE, Cedar Rapids, IA, 52402",319-393-2820,,http://rexcoequip.com/default.htm,,,,,,,42.03458405,-91.66358185,9566688,,,,b'\xe6\x10\x00\x00\x01\x0c\x00\x00\x00@m\x04E@\x00\x00\x00 x\xeaV\xc0',109,D512400,,99
Dave Seater,Rexco Equip - Davenport,"13500  118th Avenue, Davenport, IA, 52804",563-381-1200,,http://rexcoequip.com/default.htm,,,,,,,41.50630569,-90.67370605,9566689,,,,b'\xe6\x10\x00\x00\x01\x0c\x00\x00\x00\xa0\xce\xc0D@\x00\x00\x00\x00\x1e\xabV\xc0',110,D512402,,99
Dave Seater,Rexco Equip - Des Moines,"5900 S.W. 56th Street, Des Moines, IA, 50321",515-287-4910,,http://rexcoequip.com/default.htm,,,,,,,41.52977753,-93.69425964,9566690,,,,b'\xe6\x10\x00\x00\x01\x0c\x00\x00\x00\xc0\xcf\xc3D@\x00\x00\x00\xc0nlW\xc0',111,D512401,,99
Zack Shimon,"Riverbend Equipment, Inc.","7748 North Lavaun Drive, Louviers, CO, 80131",303-470-3023,,http://riverbendeq.com,,,,,,,39.47475815,-104.9916992,9566691,,,,b'\xe6\x10\x00\x00\x01\x0c\x00\x00\x00\xe0\xc4\xbcC@\x00\x00\x00\x00x?Z\xc0',112,D513200,,100
Zack Shimon,"Riverbend Machinery, Inc.","2301 Grand Park Drive, Grand Junction, CO, 81505-8400",970-245-1250,,http://rbmachinery.com,,,,,,,39.1077919,-108.6258698,9566692,,,,b'\xe6\x10\x00\x00\x01\x0c\x00\x00\x00 \xcc\x8dC@\x00\x00\x00@\x0e([\xc0',113,D513100,,100
,RMT Equipment,"9310 West Koch Circle, Hammett, ID, 83627",208-366-2088,,http://rmtequipment.com,,,,,,,42.94929504,-115.4658966,9566694,,,,b'\xe6\x10\x00\x00\x01\x0c\x00\x00\x00\x80\x82yE@\x00\x00\x00@\xd1\xdd\\\xc0',114,D400129,,101
,RMT Equipment,"1898 Century Way, Boise, ID, 83709",208-376-3333,,http://rmtequipment.com,,,,,,,43.58694458,-116.2691422,9566693,,,,b'\xe6\x10\x00\x00\x01\x0c\x00\x00\x00\x00!\xcbE@\x00\x00\x00\xa09\x11]\xc0',115,D400128,,101
,Shafer Equipment Company Inc.,"955 Greg Street, Sparks, NV, 89431",775-331-7772,,http://lbxco.shaferequipmentco.com/home_lbxco.asp,,,,,,,39.52131271,-119.7548904,9566696,,,,b'\xe6\x10\x00\x00\x01\x0c\x00\x00\x00`\xba\xc2C@\x00\x00\x00 P\xf0]\xc0',116,D519900,,103
,Stratton Equip Sales & Service,"Box 35, Stratton, ON, P0W 1N0",807-483-7777,,http://strattonequipment.com,,,,,,,48.68411636,-94.16339111,9566697,,,,b'\xe6\x10\x00\x00\x01\x0c\x00\x00\x00 \x91WH@\x00\x00\x00\x00u\x8aW\xc0',117,D501900,,107
,Top Lift Enterprises Inc.,"6895, Boulevard Bourque, Sherbrooke, QC, J1N 3K4",855-866-5438,,http://toplift.com,,,,,,,45.34777451,-72.03148651,9566700,,,,b'\xe6\x10\x00\x00\x01\x0c\x00\x00\x00\xe0\x83\xacF@\x00\x00\x00\xe0\x03\x02R\xc0',118,D400009,,111
,Top Lift Enterprises Inc.,"42 Pinelands Ave, Stoney Creek, ON, L8E 5X9",905-662-4137,,http://toplift.com,,,,,,,43.2393837,-79.73365021,9566698,,,,b'\xe6\x10\x00\x00\x01\x0c\x00\x00\x00 \xa4\x9eE@\x00\x00\x00 \xf4\xeeS\xc0',119,D400011,,111
,Top Lift Enterprises Inc.,"12343 Highway 50, Bolton, ON, L7E 1M3",905-857-5200,,http://toplift.com,,,,,,,43.8555336,-79.70399475,9566699,,,,b'\xe6\x10\x00\x00\x01\x0c\x00\x00\x00 \x82\xedE@\x00\x00\x00@\x0e\xedS\xc0',120,D400014,,111
,Top Lift Enterprises Inc.,"6557, Cote de Liesse, St-Laurent, QC, H4T 1E5",514-335-2953,,http://toplift.com,,,,,,,45.4855957,-73.69316864,9566701,,,,b'\xe6\x10\x00\x00\x01\x0c\x00\x00\x00\x00(\xbeF@\x00\x00\x00\xe0\\lR\xc0',121,D400010,,111
Chad Kline,Triad Machinery - Bend,"4440 SW Airport Rd, Prineville, OR, 97754",888-662-2940,,http://triadmachinery.com,,,,,,,44.28015137,-120.8998642,9566702,,,,b'\xe6\x10\x00\x00\x01\x0c\x00\x00\x00\x00\xdc#F@\x00\x00\x00`\x979^\xc0',122,D514304,,114
Chad Kline,Triad Machinery - Eugene,"91251 Coburg Ind Way, Coburg, OR, 97408-9469",541-342-7700,,http://triadmachinery.com,,,,,,,44.14319229,-123.0551682,9566703,,,,b'\xe6\x10\x00\x00\x01\x0c\x00\x00\x00 T\x12F@\x00\x00\x00\xe0\x87\xc3^\xc0',123,D514301,,114
Chad Kline,Triad Machinery - Portland,"18200 NE Riverside Parkway, Portland, OR, 97230",800-221-8512,,http://triadmachinery.com,,,,,,,45.55447769,-122.4763489,9566704,,,,b'\xe6\x10\x00\x00\x01\x0c\x00\x00\x00 \xf9\xc6F@\x00\x00\x00\x80|\x9e^\xc0',124,D514300,,114
Chad Kline,Triad Machinery - Seattle,"1601 Bay St, Tacoma, WA, 98421",800-622-8876,,http://triadmachinery.com,,,,,,,47.24166489,-122.4099655,9566705,,,,b'\xe6\x10\x00\x00\x01\x0c\x00\x00\x00\xe0\xee\x9eG@\x00\x00\x00\xe0<\x9a^\xc0',125,D514302,,114
Chad Kline,Triad Machinery - Spokane,"910 N Thierman Road, Spokane, WA, 99212",509-534-1900,,http://triadmachinery.com,,,,,,,47.66591644,-117.3141327,9566706,,,,b'\xe6\x10\x00\x00\x01\x0c\x00\x00\x00\xc0<\xd5G@\x00\x00\x00\xc0\x1aT]\xc0',126,D514303,,114
,Warner Tractor & Equipment,"9848 Route 6, Troy, PA, 16947",570-297-2141,,http://warnertractor.com,,,,,,,41.76881409,-76.73144531,9566707,,,,b'\xe6\x10\x00\x00\x01\x0c\x00\x00\x00\x80h\xe2D@\x00\x00\x00\x00\xd0.S\xc0',127,D400092,,120
,West Virginia Tractor Company,"214 Virginia Street West, Charleston, WV, 25302",800-640-8245,,http://wvtractor.com,,,,,,,38.359375,-81.64642334,9566708,,,,b'\xe6\x10\x00\x00\x01\x0c\x00\x00\x00\x00\x00.C@\x00\x00\x00\x00_iT\xc0',128,D400061,,122
,Wilson Equipment - Corbin,"828 W. Cumberland Gap Pkwy, Corbin, KY, 40701",606-528-0700,,http://wilsonequipment.com,,,,,,,36.97600174,-84.10889435,9566709,,,,b'\xe6\x10\x00\x00\x01\x0c\x00\x00\x00\xa0\xed|B@\x00\x00\x00 \xf8\x06U\xc0',129,D410018,,126
,Wilson Equipment - Lexington,"2180 Old Frankfort Pike, Lexington, KY, 40510",859-254-6443,,http://wilsonequipment.com,,,,,,,38.06400299,-84.55047607,9566710,,,,b'\xe6\x10\x00\x00\x01\x0c\x00\x00\x00@1\x08C@\x00\x00\x00\x00;#U\xc0',130,D400018,,126
,Wilson Equipment - Prestonburg,"2124 Watergap Road, Prestonsburg, KY, 41653",606-874-8036,,http://wilsonequipment.com,,,,,,,37.68291092,-82.72814941,9566711,,,,b'\xe6\x10\x00\x00\x01\x0c\x00\x00\x00\xa0i\xd7B@\x00\x00\x00\x00\x9a\xaeT\xc0',131,D420018,,126
Chad Kline,Woods CRW (Parts Only),"7096 Carlisle Pike, Carlisle, PA, 17015",717-795-0700,,http://lbxco.link-beltmidatlantic.com,,,,,,,40.2338028,-77.10694122,9566646,,,,b'\xe6\x10\x00\x00\x01\x0c\x00\x00\x00@\xed\x1dD@\x00\x00\x00 \xd8FS\xc0',132,,,127
,Woodward Tractor & Rentals,"622 Blackburn Ave, Cody, WY, 82414",307-587-6812,,http://woodwardtractor.com,,,,,,,44.53027725,-109.0416946,9566712,,,,b'\xe6\x10\x00\x00\x01\x0c\x00\x00\x00 \xe0CF@\x00\x00\x00 \xabB[\xc0',133,D400022,,128
Dave Seater,"Ferri Equipment, Inc.","2516 Cranberry Hwy, Wareham, MA 02571",508-295-7700,,https://ferriequipment.com,,,,,,,41.77027564,-70.73281403,,,,,,,,,
